num_simulations,length,avg_total_computation_time,std_total_computation_time,min_total_computation_time,max_total_computation_time,avg_total_cpu_time,std_total_cpu_time,min_total_cpu_time,max_total_cpu_time,avg_total_memory_usage,std_total_memory_usage,last_sequence
10,10,0.012315616607666016,0.014061720965339981,0.006845951080322266,0.1090540885925293,0.007790620000000001,0.001467443448859274,0.005455000000000022,0.010911000000000004,829.92,5809.439999999999,GAUGAGACCG
25,10,0.01001229763031006,0.0018008477849730186,0.0069391727447509766,0.01484227180480957,0.0077668599999999996,0.001377197139265107,0.005332000000000059,0.011622999999999994,0.0,0.0,GAUGAGACCG
50,10,0.01089426040649414,0.002138387216830505,0.0074920654296875,0.019836902618408203,0.008213719999999999,0.0014041436114585967,0.005742999999999998,0.012041999999999942,0.0,0.0,GAUGAGACCG
75,10,0.00977466583251953,0.0024034450984444754,0.006939411163330078,0.01924443244934082,0.007363120000000002,0.0017188883807856667,0.00537999999999994,0.016225999999999963,0.0,0.0,GAUGAGACCG
1000,10,0.017833681106567384,0.0138338335647553,0.011999845504760742,0.11176395416259766,0.014486819999999994,0.013671393088767544,0.009960999999999998,0.10781900000000022,0.0,0.0,GAUGAGACCG
10,20,0.014835758209228516,0.009578176257402569,0.006547689437866211,0.05040764808654785,0.011990540000000001,0.00891107793526684,0.0049360000000000515,0.04719499999999999,0.0,0.0,CCGCCUAGUUAGUGAGUCGA
25,20,0.019187307357788085,0.01869491438877128,0.007127046585083008,0.1016080379486084,0.01662368,0.018590607965787417,0.005533999999999928,0.09888899999999956,0.0,0.0,CCGCCUAGUUAGUGAGUCGA
50,20,0.0364258623123169,0.06691204280857373,0.008517265319824219,0.36134767532348633,0.03366068000000001,0.06657663274105713,0.006442000000000281,0.35752300000000004,0.0,0.0,CCGCCUAGUUAGUGAGUCGA
75,20,0.05118287086486816,0.10271361857912761,0.007596492767333984,0.5530481338500977,0.04788278,0.10229580913298249,0.0058720000000009875,0.5474920000000001,0.0,0.0,CCGCCUAGUUAGUGAGUCGA
1000,20,0.49488263607025146,1.250911857634848,0.012567281723022461,6.743725538253784,0.48784118,1.24571555526447,0.010389000000000426,6.7109549999999984,0.0,0.0,CCGCCUAGUUAGUGAGUCGA
10,30,0.16540980339050293,0.36501921021826267,0.00927877426147461,2.121253252029419,0.16135974,0.36390805702357354,0.007017000000000273,2.110592000000002,0.0,0.0,CAGAUAGUCUAAUGUGAGGAGUGGGUGGAC
25,30,0.41759939193725587,1.310395430395215,0.010010004043579102,8.854139566421509,0.4121673599999998,1.301921531987727,0.0075649999999996,8.791242999999998,0.0,0.0,CAGAUAGUCUAAUGUGAGGAGUGGGUGGAC
50,30,0.7479517602920532,2.984021759636834,0.013043642044067383,21.20843243598938,0.7344272800000001,2.9645848538498405,0.009457999999994193,21.087455999999996,0.0,0.0,CAGAUAGUCUAAUGUGAGGAGUGGGUGGAC
75,30,1.0400657415390016,3.443225376012047,0.011096000671386719,23.900887727737427,1.0268935,3.4255388626494456,0.008277999999997121,23.771611000000007,0.0,0.0,CAGAUAGUCUAAUGUGAGGAGUGGGUGGAC
1000,30,13.418119034767152,46.267419765970644,0.017474889755249023,320.4662735462189,13.350262,46.092762143355515,0.011952000000063023,319.248716,0.0,0.0,CAGAUAGUCUAAUGUGAGGAGUGGGUGGAC
10,40,3.0088973903656004,8.864941617183742,0.025034427642822266,51.42802834510803,2.8020874600000014,7.838289515742505,0.0221210000000589,41.765118999999935,401.28,2808.9600000000005,UAACAGUUUACCCUCUAUAAACAUAGUCAGAAUAAGCCAA
25,40,6.910298805236817,16.55103820911667,0.07794976234436035,90.35113430023193,6.873870019999999,16.47978989215751,0.07465399999993139,89.93090900000009,434.32,3040.24,UAACAGUUUACCCUCUAUAAACAUAGUCAGAAUAAGCCAA
50,40,12.146467986106872,31.8396482854669,0.15853667259216309,206.83947014808655,11.957362719999997,31.627577412191105,0.15449100000005345,205.92431899999997,458.4,3080.612095022676,UAACAGUUUACCCUCUAUAAACAUAGUCAGAAUAAGCCAA
75,40,17.959954595565797,41.71819736794945,0.15839815139770508,244.5351390838623,17.866564340000004,41.53279371192367,0.15472000000019648,243.40705799999986,60.48,423.3599999999999,UAACAGUUUACCCUCUAUAAACAUAGUCAGAAUAAGCCAA
1000,40,251.06067967891693,604.7269406246661,1.2228097915649414,3328.4540977478027,249.84559996,602.4723900134321,1.2117569999995936,3315.6849439999996,3884.16,15910.485960347029,UAACAGUUUACCCUCUAUAAACAUAGUCAGAAUAAGCCAA
10,50,7.383429589271546,18.06102193415553,0.046271324157714844,102.84333324432373,7.3392746600000285,17.992209214283033,0.043215000000145665,102.47244599999996,0.0,0.0,CAGGUGUAAAACUACCAGCUUAAGCGCUGCCUCGGGUAGUAUUUUCAGGA
25,50,24.27440803050995,62.788633625427174,0.06628298759460449,375.588317155838,24.093420780000017,62.52315579211919,0.06369099999847094,373.98950399999865,6849.36,46215.50123054386,CAGGUGUAAAACUACCAGCUUAAGCGCUGCCUCGGGUAGUAUUUUCAGGA
50,50,41.34047189712524,91.49728079745995,0.08424139022827148,490.83878898620605,41.16236949999997,91.1204500518915,0.08152100000245355,488.7360750000003,1873.04,13111.280000000002,CAGGUGUAAAACUACCAGCUUAAGCGCUGCCUCGGGUAGUAUUUUCAGGA
75,50,63.097228016853336,141.77000570215162,0.11419534683227539,756.7149634361267,62.76004084,141.02295474771915,0.11130599999734159,752.260214000001,2545.92,17821.44,CAGGUGUAAAACUACCAGCUUAAGCGCUGCCUCGGGUAGUAUUUUCAGGA
1000,50,942.4874004697799,2392.31262455535,0.5748677253723145,13293.24608540535,929.7069463999999,2379.2125806800154,0.5649859999992941,13207.776951,3874.64,19351.92045638882,CAGGUGUAAAACUACCAGCUUAAGCGCUGCCUCGGGUAGUAUUUUCAGGA
10,60,44.439321665763856,117.43486761385988,0.4652688503265381,650.9616918563843,42.08276820000008,114.18805408375063,0.46067999999809217,649.3507899999877,0.0,0.0,GAUCGAUCCCUCUCUGAGCCUUCUGGCGUUGUGAUUUGGCCGACACUACAAUGAUGGAGA
25,60,203.34418421268464,711.7707206190172,1.5278351306915283,4574.584360599518,198.3558395800001,709.8323488024223,1.4964279999987866,4562.455132000001,373.84,2616.88,GAUCGAUCCCUCUCUGAGCCUUCUGGCGUUGUGAUUUGGCCGACACUACAAUGAUGGAGA
50,60,346.4359634256363,1185.719546134663,2.578798770904541,7545.179639577866,302.92115107999973,980.9408350287257,2.496501000005537,5818.432102999999,3025.04,14824.995386117329,GAUCGAUCCCUCUCUGAGCCUUCUGGCGUUGUGAUUUGGCCGACACUACAAUGAUGGAGA
75,60,436.29290371418,1328.8880111602843,3.315535068511963,8172.846604347229,376.2820595400001,1091.4101033395034,3.2874909999964075,6350.776945999996,706.48,3574.0294248369023,GAUCGAUCCCUCUCUGAGCCUUCUGGCGUUGUGAUUUGGCCGACACUACAAUGAUGGAGA
1000,60,5447.846781873703,16654.881220264782,22.483237504959106,101153.13048386574,5407.9634398,16588.60075761854,22.410751999996137,100696.67348099999,4435.76,24300.60245389813,GAUCGAUCCCUCUCUGAGCCUUCUGGCGUUGUGAUUUGGCCGACACUACAAUGAUGGAGA
